Issuer,Type,Lien,Election,Series,Cusip,Secondary Credit,Term,Maturity,Par Amount,Outstanding Amount,Coupon,Call Date,Call Price,Fed Tax,AMT
ABC USD,,,2017,2000C,000416K71,,,8/1/2026,"$1,351,103 ","$5,935,000 ",0.00%,,,Tax-Exempt,
ABC USD,,,2017,2000C,000416K89,,,8/1/2027,"$1,453,067 ","$6,235,000 ",0.00%,,,Tax-Exempt,
ABC USD,,,2017,2000C,000416K97,,,8/1/2028,"$1,443,892 ","$6,545,000 ",0.00%,,,Tax-Exempt,
ABC USD,,,2017,2000C,000416L21,,,8/1/2029,"$1,431,788 ","$6,875,000 ",0.00%,,,Tax-Exempt,
ABC USD,,,2017,2000C,000416L39,,,8/1/2030,"$1,423,279 ","$7,220,000 ",0.00%,,,Tax-Exempt,
ABC USD,,,2017,2000C,000416L47,,,8/1/2031,"$1,411,038 ","$7,585,000 ",0.00%,,,Tax-Exempt,
ABC USD,,,2017,2000C,000416L54,,,8/1/2032,"$1,398,096 ","$7,965,000 ",0.00%,,,Tax-Exempt,
ABC USD,,,2017,2000C,000416L62,,,8/1/2033,"$1,388,763 ","$8,360,000 ",0.00%,,,Tax-Exempt,
ABC USD,,,2017,2000C,000416L70,,,8/1/2034,"$1,374,955 ","$8,775,000 ",0.00%,,,Tax-Exempt,
ABC USD,,,2018,2019A,000416T98,,,8/1/2026,"$580,000 ","$580,000 ",5.00%,,,Tax-Exempt,
ABC USD,,,2018,2019A,000416U21,,,8/1/2027,"$700,000 ","$700,000 ",5.00%,,,Tax-Exempt,
ABC USD,,,2018,2019A,000416U39,,,8/1/2028,"$830,000 ","$830,000 ",5.00%,,,Tax-Exempt,
ABC USD,,,2018,2019A,000416U47,,,8/1/2029,"$1,110,000 ","$1,110,000 ",5.00%,,,Tax-Exempt,
ABC USD,,,2018,2019A,000416U54,,,8/1/2030,"$1,265,000 ","$1,265,000 ",5.00%,8/1/2029,100,Tax-Exempt,
ABC USD,,,2018,2019A,000416U62,,,8/1/2031,"$1,430,000 ","$1,430,000 ",4.00%,8/1/2029,100,Tax-Exempt,
ABC USD,,,2018,2019A,000416U70,,,8/1/2032,"$1,595,000 ","$1,595,000 ",4.00%,8/1/2029,100,Tax-Exempt,
ABC USD,,,2018,2019A,000416U88,,,8/1/2033,"$1,765,000 ","$1,765,000 ",4.00%,8/1/2029,100,Tax-Exempt,
ABC USD,,,2018,2019A,000416U96,,,8/1/2034,"$1,955,000 ","$1,955,000 ",4.00%,8/1/2029,100,Tax-Exempt,
ABC USD,,,2018,2019A,000416V20,,,8/1/2035,"$2,150,000 ","$2,150,000 ",4.00%,8/1/2029,100,Tax-Exempt,
ABC USD,,,2018,2019A,000416V38,,,8/1/2036,"$2,365,000 ","$2,365,000 ",3.00%,8/1/2029,100,Tax-Exempt,
ABC USD,,,2018,2019A,000416V46,,,8/1/2037,"$2,565,000 ","$2,565,000 ",3.00%,8/1/2029,100,Tax-Exempt,
ABC USD,,,2018,2019A,000416V53,,,8/1/2038,"$2,775,000 ","$2,775,000 ",3.00%,8/1/2029,100,Tax-Exempt,
ABC USD,,,2018,2019A,000416V79-20390801,,Y,8/1/2039,"$6,235,000 ","$3,000,000 ",3.00%,8/1/2029,100,Tax-Exempt,
ABC USD,,,2018,2019A,000416V79-20400801,,Y,8/1/2040,"$6,235,000 ","$3,235,000 ",3.00%,8/1/2029,100,Tax-Exempt,
ABC USD,,,2018,2019A,000416V87,,,8/1/2041,"$3,485,000 ","$3,485,000 ",3.00%,8/1/2029,100,Tax-Exempt,
ABC USD,,,2018,2019A,000416W37-20420801,,Y,8/1/2042,"$12,085,000 ","$3,745,000 ",3.00%,8/1/2029,100,Tax-Exempt,
ABC USD,,,2018,2019A,000416W37-20430801,,Y,8/1/2043,"$12,085,000 ","$4,025,000 ",3.00%,8/1/2029,100,Tax-Exempt,
ABC USD,,,2018,2019A,000416W37-20440801,,Y,8/1/2044,"$12,085,000 ","$4,315,000 ",3.00%,8/1/2029,100,Tax-Exempt,
ABC USD,,,2018,2022B,000416W86,,,8/1/2027,"$415,000 ","$415,000 ",5.00%,,,Tax-Exempt,
ABC USD,,,2018,2022B,000416W94,,,8/1/2028,"$630,000 ","$630,000 ",5.00%,,,Tax-Exempt,
ABC USD,,,2018,2022B,000416X36,,,8/1/2030,"$605,000 ","$605,000 ",5.00%,,,Tax-Exempt,
ABC USD,,,2018,2022B,000416X44,,,8/1/2031,"$655,000 ","$655,000 ",5.00%,,,Tax-Exempt,
ABC USD,,,2018,2022B,000416X51,,,8/1/2032,"$1,000,000 ","$1,000,000 ",5.00%,,,Tax-Exempt,
ABC USD,,,2018,2022B,000416X69,,,8/1/2033,"$1,165,000 ","$1,165,000 ",5.00%,8/1/2032,100,Tax-Exempt,
ABC USD,,,2018,2022B,000416X77,,,8/1/2034,"$1,335,000 ","$1,335,000 ",5.00%,8/1/2032,100,Tax-Exempt,
ABC USD,,,2018,2022B,000416X85,,,8/1/2035,"$1,525,000 ","$1,525,000 ",5.00%,8/1/2032,100,Tax-Exempt,
ABC USD,,,2018,2022B,000416X93,,,8/1/2036,"$1,725,000 ","$1,725,000 ",5.00%,8/1/2032,100,Tax-Exempt,
ABC USD,,,2018,2022B,000416Y27,,,8/1/2037,"$1,950,000 ","$1,950,000 ",5.00%,8/1/2032,100,Tax-Exempt,
ABC USD,,,2018,2022B,000416Y35,,,8/1/2038,"$2,180,000 ","$2,180,000 ",5.00%,8/1/2032,100,Tax-Exempt,
ABC USD,,,2018,2022B,000416Y43,,,8/1/2039,"$2,440,000 ","$2,440,000 ",5.00%,8/1/2032,100,Tax-Exempt,
ABC USD,,,2018,2022B,000416Y50,,,8/1/2040,"$2,715,000 ","$2,715,000 ",4.25%,8/1/2032,100,Tax-Exempt,
ABC USD,,,2018,2022B,000416Y68,,,8/1/2041,"$2,985,000 ","$2,985,000 ",4.25%,8/1/2032,100,Tax-Exempt,
ABC USD,,,2018,2022B,000416Y76,,,8/1/2042,"$3,270,000 ","$3,270,000 ",4.38%,8/1/2032,100,Tax-Exempt,
ABC USD,,,2018,2022B,000416Y92-20430801,,Y,8/1/2043,"$6,725,000 ","$3,215,000 ",4.25%,8/1/2032,100,Tax-Exempt,
ABC USD,,,2018,2022B,000416Y92-20440801,,Y,8/1/2044,"$6,725,000 ","$3,510,000 ",4.25%,8/1/2032,100,Tax-Exempt,
ABC USD,,,2018,2022B,000416Z42-20450801,,Y,8/1/2045,"$16,780,000 ","$5,145,000 ",4.00%,8/1/2032,100,Tax-Exempt,
ABC USD,,,2018,2022B,000416Z42-20460801,,Y,8/1/2046,"$16,780,000 ","$5,590,000 ",4.00%,8/1/2032,100,Tax-Exempt,
ABC USD,,,2018,2022B,000416Z42-20470801,,Y,8/1/2047,"$16,780,000 ","$6,045,000 ",4.00%,8/1/2032,100,Tax-Exempt,
ABC USD,,,2018,2024C,000416Z59,,,8/1/2026,"$5,000,000 ","$5,000,000 ",5.00%,,,Tax-Exempt,
ABC USD,,,2018,2024C,000416Z67,,,8/1/2027,"$2,000,000 ","$2,000,000 ",5.00%,,,Tax-Exempt,
ABC USD,,,2018,2024C,000416Z75,,,8/1/2028,"$375,000 ","$375,000 ",5.00%,,,Tax-Exempt,
ABC USD,,,2018,2024C,000416Z83,,,8/1/2029,"$560,000 ","$560,000 ",2.75%,,,Tax-Exempt,
ABC USD,,,2018,2024C,000416Z91,,,8/1/2030,"$465,000 ","$465,000 ",2.75%,,,Tax-Exempt,
ABC USD,,,2018,2024C,0004162A4,,,8/1/2031,"$635,000 ","$635,000 ",5.00%,,,Tax-Exempt,
ABC USD,,,2018,2024C,0004162B2,,,8/1/2032,"$695,000 ","$695,000 ",5.00%,,,Tax-Exempt,
ABC USD,,,2018,2024C,0004162C0,,,8/1/2033,"$860,000 ","$860,000 ",5.00%,,,Tax-Exempt,
ABC USD,,,2018,2024C,0004162D8,,,8/1/2034,"$1,040,000 ","$1,040,000 ",5.00%,,,Tax-Exempt,
ABC USD,,,2018,2024C,0004162E6,,,8/1/2035,"$1,235,000 ","$1,235,000 ",5.00%,8/1/2034,100,Tax-Exempt,
ABC USD,,,2018,2024C,0004162F3,,,8/1/2036,"$1,440,000 ","$1,440,000 ",5.00%,8/1/2034,100,Tax-Exempt,
ABC USD,,,2018,2024C,0004162G1,,,8/1/2037,"$1,660,000 ","$1,660,000 ",5.00%,8/1/2034,100,Tax-Exempt,
ABC USD,,,2018,2024C,0004162H9,,,8/1/2038,"$1,905,000 ","$1,905,000 ",5.00%,8/1/2034,100,Tax-Exempt,
ABC USD,,,2018,2024C,0004162J5,,,8/1/2039,"$2,160,000 ","$2,160,000 ",5.00%,8/1/2034,100,Tax-Exempt,
ABC USD,,,2018,2024C,0004162K2,,,8/1/2040,"$2,435,000 ","$2,435,000 ",5.00%,8/1/2034,100,Tax-Exempt,
ABC USD,,,2018,2024C,0004162L0,,,8/1/2041,"$2,730,000 ","$2,730,000 ",5.00%,8/1/2034,100,Tax-Exempt,
ABC USD,,,2018,2024C,0004162M8,,,8/1/2042,"$3,055,000 ","$3,055,000 ",5.00%,8/1/2034,100,Tax-Exempt,
ABC USD,,,2018,2024C,0004162N6,,,8/1/2043,"$3,560,000 ","$3,560,000 ",5.00%,8/1/2034,100,Tax-Exempt,
ABC USD,,,2018,2024C,0004162P1,,,8/1/2044,"$3,945,000 ","$3,945,000 ",4.00%,8/1/2034,100,Tax-Exempt,
ABC USD,,,2018,2024C,0004162Q9,,,8/1/2045,"$5,810,000 ","$5,810,000 ",4.00%,8/1/2034,100,Tax-Exempt,
ABC USD,,,2018,2024C,0004162R7,,,8/1/2046,"$6,320,000 ","$6,320,000 ",4.00%,8/1/2034,100,Tax-Exempt,
ABC USD,,,2018,2024C,0004162T3-20470801,,Y,8/1/2047,"$16,615,000 ","$6,865,000 ",4.00%,8/1/2034,100,Tax-Exempt,
ABC USD,,,2018,2024C,0004162T3-20480801,,Y,8/1/2048,"$16,615,000 ","$9,750,000 ",4.00%,8/1/2034,100,Tax-Exempt,
Alameda Corridor Transportation Authority ,,First,,2004A Subordinate CABS,010869DU6,,,10/1/2029,$0 ,"$26,430,000 ",0.00%,,,Tax-Exempt,
Alameda Corridor Transportation Authority ,,First,,2004A Subordinate CABS,010869DV4,,,10/1/2030,$0 ,"$53,480,000 ",0.00%,,,Tax-Exempt,
Alameda Corridor Transportation Authority ,,First,,2004B Subordinate CABS,010869MP7,,,10/1/2026,$0 ,"$62,175,000 ",0.00%,,,Taxable,
Alameda Corridor Transportation Authority ,,First,,2004B Subordinate CABS,010869EE1,,,10/1/2027,$0 ,"$54,310,000 ",0.00%,,,Taxable,
Alameda Corridor Transportation Authority ,,First,,2004B Subordinate CABS,010869EF8,,,10/1/2028,$0 ,"$77,245,000 ",0.00%,,,Taxable,
Alameda Corridor Transportation Authority ,,First,,2004B Subordinate CABS,010869EG6,,,10/1/2029,$0 ,"$37,995,000 ",0.00%,,,Taxable,
Alameda Corridor Transportation Authority ,,First,,2004B Subordinate CABS,010869EH4,,,10/1/2031,$0 ,"$87,475,000 ",0.00%,,,Taxable,
Alameda Corridor Transportation Authority ,,First,,2004B Subordinate CABS,010869EJ0,,,10/1/2032,$0 ,"$87,980,000 ",0.00%,,,Taxable,
Alameda Corridor Transportation Authority ,,First,,2004B Subordinate CABS,010869EK7,,,10/1/2033,$0 ,"$91,855,000 ",0.00%,,,Taxable,
Alameda Corridor Transportation Authority ,,First,,2024C Subordinate CABS,010869ML6,,,10/1/2049,$0 ,"$22,875,000 ",0.00%,10/1/2034,48.38,Tax-Exempt,
Alameda Corridor Transportation Authority ,,First,,2024C Subordinate CABS,010869MM4,,,10/1/2053,$0 ,"$100,675,000 ",0.00%,10/1/2034,38.91,Tax-Exempt,
Alameda Corridor Transportation Authority ,,First,,2024C Subordinate CABS,010869LU7,,,10/1/2038,$0 ,"$35,795,000 ",0.00%,10/1/2034,78.22,Taxable,
Alameda Corridor Transportation Authority ,,First,,2024C Subordinate CABS,010869LV5,,,10/1/2039,$0 ,"$35,795,000 ",0.00%,10/1/2034,73.48,Taxable,
Alameda Corridor Transportation Authority ,,First,,2024C Subordinate CABS,010869LW3,,,10/1/2040,$0 ,"$35,795,000 ",0.00%,10/1/2034,68.81,Taxable,
Alameda Corridor Transportation Authority ,,First,,2024C Subordinate CABS,010869LX1,,,10/1/2041,$0 ,"$35,795,000 ",0.00%,10/1/2034,64.57,Taxable,
Alameda Corridor Transportation Authority ,,First,,2024C Subordinate CABS,010869LY9,,,10/1/2042,$0 ,"$35,795,000 ",0.00%,10/1/2034,60.56,Taxable,
Alameda Corridor Transportation Authority ,,First,,2024C Subordinate CABS,010869LZ6,,,10/1/2043,$0 ,"$35,795,000 ",0.00%,10/1/2034,56.78,Taxable,
Alameda Corridor Transportation Authority ,,First,,2024C Subordinate CABS,010869MA0,,,10/1/2044,$0 ,"$35,795,000 ",0.00%,10/1/2034,53.22,Taxable,
Alameda Corridor Transportation Authority ,,First,,2024C Subordinate CABS,010869MB8,,,10/1/2045,$0 ,"$43,675,000 ",0.00%,10/1/2034,49.86,Taxable,
Alameda Corridor Transportation Authority ,,First,,2024C Subordinate CABS,010869MC6,,,10/1/2046,$0 ,"$51,955,000 ",0.00%,10/1/2034,46.69,Taxable,
Alameda Corridor Transportation Authority ,,First,,2024C Subordinate CABS,010869MD4,,,10/1/2047,$0 ,"$60,650,000 ",0.00%,10/1/2034,43.71,Taxable,
Alameda Corridor Transportation Authority ,,First,,2024C Subordinate CABS,010869ME2,,,10/1/2048,$0 ,"$66,335,000 ",0.00%,10/1/2034,40.89,Taxable,
Alameda Corridor Transportation Authority ,,Second ,,2016B Subordinate,010869GY5,,,10/1/2034,$0 ,"$64,385,000 ",5.00%,10/1/2026,100,Tax-Exempt,
Alameda Corridor Transportation Authority ,,Second ,,2016B Subordinate,010869HC2,,,10/1/2034,$0 ,"$28,955,000 ",3.00%,10/1/2026,100,Tax-Exempt,
Alameda Corridor Transportation Authority ,,Second ,,2016B Subordinate,010869GZ2,,,10/1/2035,$0 ,"$37,840,000 ",5.00%,10/1/2026,100,Tax-Exempt,
Alameda Corridor Transportation Authority ,,Second ,,2016B Subordinate,010869HG3,,,10/1/2035,$0 ,"$18,260,000 ",5.00%,10/1/2026,100,Tax-Exempt,
Alameda Corridor Transportation Authority ,,Second ,,2016B Subordinate,010869HD0,,,10/1/2035,$0 ,"$14,340,000 ",4.00%,10/1/2026,100,Tax-Exempt,
Alameda Corridor Transportation Authority ,,Second ,,2016B Subordinate,010869HA6,,,10/1/2036,$0 ,"$51,500,000 ",5.00%,10/1/2026,100,Tax-Exempt,
Alameda Corridor Transportation Authority ,,Second ,,2016B Subordinate,010869HH1,,,10/1/2036,$0 ,"$21,980,000 ",5.00%,10/1/2026,100,Tax-Exempt,
Alameda Corridor Transportation Authority ,,Second ,,2016B Subordinate,010869HE8,,,10/1/2036,$0 ,"$24,005,000 ",3.13%,10/1/2026,100,Tax-Exempt,
Alameda Corridor Transportation Authority ,,Second ,,2016B Subordinate,010869HB4,,,10/1/2037,$0 ,"$69,575,000 ",5.00%,10/1/2026,100,Tax-Exempt,
Alameda Corridor Transportation Authority ,,Second ,,2016B Subordinate,010869HJ7,,,10/1/2037,$0 ,"$8,780,000 ",5.00%,10/1/2026,100,Tax-Exempt,
Alameda Corridor Transportation Authority ,,Second ,,2016B Subordinate,010869HF5,,,10/1/2037,$0 ,"$26,025,000 ",4.00%,10/1/2026,100,Tax-Exempt,
Alameda Corridor Transportation Authority ,,Second ,,2022C,010869JS5,,,10/1/2052,$0 ,"$45,365,000 ",5.00%,10/1/2032,100,Tax-Exempt,
Alameda Corridor Transportation Authority ,,Second ,,2022C Convertible CABS,010869JT3,,,10/1/2049,$0 ,"$25,020,000 ",0.00%,10/1/2037,100,Tax-Exempt,
Alameda Corridor Transportation Authority ,,Second ,,2022C Convertible CABS,010869JU0,,,10/1/2052,$0 ,"$102,800,000 ",0.00%,10/1/2037,100,Tax-Exempt,
Alameda Corridor Transportation Authority ,,Senior,,1999A CABS,010869AR6,,,10/1/2030,$0 ,"$26,770,000 ",0.00%,,,Tax-Exempt,
Alameda Corridor Transportation Authority ,,Senior,,1999A CABS,010869AS4,,,10/1/2031,$0 ,"$5,025,000 ",0.00%,,,Tax-Exempt,
Alameda Corridor Transportation Authority ,,Senior,,1999A CABS,010869AT2,,,10/1/2032,$0 ,"$4,850,000 ",0.00%,,,Tax-Exempt,
Alameda Corridor Transportation Authority ,,Senior,,1999A CABS,010869AU9,,,10/1/2033,$0 ,"$16,420,000 ",0.00%,,,Tax-Exempt,
Alameda Corridor Transportation Authority ,,Senior,,1999A CABS,010869AV7,,,10/1/2034,$0 ,"$39,125,000 ",0.00%,,,Tax-Exempt,
Alameda Corridor Transportation Authority ,,Senior,,1999A CABS,010869AW5,,,10/1/2035,$0 ,"$35,215,000 ",0.00%,,,Tax-Exempt,
Alameda Corridor Transportation Authority ,,Senior,,1999A CABS,010869AX3,,,10/1/2036,$0 ,"$39,940,000 ",0.00%,,,Tax-Exempt,
Alameda Corridor Transportation Authority ,,Senior,,1999A CABS,010869AY1,,,10/1/2037,$0 ,"$38,790,000 ",0.00%,,,Tax-Exempt,
Alameda Corridor Transportation Authority ,,Senior,,1999C,010869KF1,,,10/1/2029,$0 ,"$53,265,000 ",6.60%,,,Taxable,
Alameda Corridor Transportation Authority ,,Senior,,1999C CABS,010869CE3,,,10/1/2030,$0 ,"$14,960,000 ",0.00%,,,Taxable,
Alameda Corridor Transportation Authority ,,Senior,,1999C CABS,010869CF0,,,10/1/2031,$0 ,"$3,390,000 ",0.00%,,,Taxable,
Alameda Corridor Transportation Authority ,,Senior,,1999C CABS,010869CG8,,,10/1/2032,$0 ,"$31,495,000 ",0.00%,,,Taxable,
Alameda Corridor Transportation Authority ,,Senior,,1999C CABS,010869CH6,,,10/1/2033,$0 ,"$59,055,000 ",0.00%,,,Taxable,
Alameda Corridor Transportation Authority ,,Senior,,1999C CABS,010869KG9,,,10/1/2034,$0 ,"$46,410,000 ",0.00%,,,Taxable,
Alameda Corridor Transportation Authority ,,Senior,,1999C CABS,010869KH7,,,10/1/2035,$0 ,"$51,305,000 ",0.00%,,,Taxable,
Alameda Corridor Transportation Authority ,,Senior,,1999C CABS,010869KJ3,,,10/1/2036,$0 ,"$47,580,000 ",0.00%,,,Taxable,
Alameda Corridor Transportation Authority ,,Senior,,1999C CABS,010869KK0,,,10/1/2037,$0 ,"$49,740,000 ",0.00%,,,Taxable,
Alameda Corridor Transportation Authority ,,Senior,,2022A Convertible CABS,010869JM8,,,10/1/2047,$0 ,"$81,705,000 ",0.00%,10/1/2037,100,Tax-Exempt,
Alameda Corridor Transportation Authority ,,Senior,,2022A Convertible CABS,010869JN6,,,10/1/2048,$0 ,"$86,030,000 ",0.00%,10/1/2037,100,Tax-Exempt,
Alameda Corridor Transportation Authority ,,Senior,,2022A Convertible CABS,010869JP1,,,10/1/2049,$0 ,"$90,635,000 ",0.00%,10/1/2037,100,Tax-Exempt,
Alameda Corridor Transportation Authority ,,Senior,,2022A Convertible CABS,010869JQ9,,,10/1/2050,$0 ,"$84,830,000 ",0.00%,10/1/2037,100,Tax-Exempt,
Alameda Corridor Transportation Authority ,,Senior,,2022A Convertible CABS,010869JR7,,,10/1/2051,$0 ,"$33,840,000 ",0.00%,10/1/2037,100,Tax-Exempt,
Alameda Corridor Transportation Authority ,,Senior,,2022B,010869JL0,,,10/1/2046,$0 ,"$54,495,000 ",5.40%,10/1/2032,100,Taxable,
Alameda Corridor Transportation Authority ,,Senior,,2022B CABS,010869JE6,,,10/1/2038,$0 ,"$69,175,000 ",0.00%,,,Taxable,
Alameda Corridor Transportation Authority ,,Senior,,2022B CABS,010869JF3,,,10/1/2039,$0 ,"$69,175,000 ",0.00%,,,Taxable,
Alameda Corridor Transportation Authority ,,Senior,,2022B CABS,010869JG1,,,10/1/2040,$0 ,"$69,175,000 ",0.00%,,,Taxable,
Alameda Corridor Transportation Authority ,,Senior,,2022B CABS,010869JH9,,,10/1/2041,$0 ,"$69,175,000 ",0.00%,,,Taxable,
Alameda Corridor Transportation Authority ,,Senior,,2022B CABS,010869JJ5,,,10/1/2042,$0 ,"$69,175,000 ",0.00%,,,Taxable,
Alameda Corridor Transportation Authority ,,Senior,,2022B CABS,010869JK2,,,10/1/2043,$0 ,"$37,065,000 ",0.00%,,,Taxable,
Alameda Corridor Transportation Authority ,,Senior,,2024A,010869MK8,,,10/1/2043,$0 ,"$6,790,000 ",5.00%,10/1/2034,100,Tax-Exempt,
Alameda Corridor Transportation Authority ,,Senior,,2024A,010869MG7,,,10/1/2051,$0 ,"$32,215,000 ",0.00%,10/1/2034,44.21,Tax-Exempt,
Alameda Corridor Transportation Authority ,,Senior,,2024A,010869MH5,,,10/1/2052,$0 ,"$46,480,000 ",0.00%,10/1/2034,41.99,Tax-Exempt,
Alameda Corridor Transportation Authority ,,Senior,,2024A,010869MJ1,,,10/1/2053,$0 ,"$58,860,000 ",0.00%,10/1/2034,39.86,Tax-Exempt,
Alameda Corridor Transportation Authority ,,Senior,,2024A,2024B CABS,,,2043 - 2051,$0 ,"$49,855,000 ",0.00%,,,Taxable,
Alameda Corridor Transportation Authority ,,Senior,,2024A,010869LQ6,,,10/1/2043,$0 ,"$635,000 ",0.00%,10/1/2034,58.04,Taxable,
Alameda Corridor Transportation Authority ,,Senior,,2024A,010869LR4,,,10/1/2046,$0 ,"$24,270,000 ",0.00%,10/1/2034,48.07,Taxable,
Alameda Corridor Transportation Authority ,,Senior,,2024A,010869LS2,,,10/1/2050,$0 ,"$10,680,000 ",0.00%,10/1/2034,37.18,Taxable,
Alameda Corridor Transportation Authority ,,Senior,,2024A,010869LT0,,,10/1/2051,$0 ,"$14,270,000 ",0.00%,10/1/2034,34.83,Taxable,
Alameda USD,,,2004,2004A,010824GV6,,,8/1/2026,"$7,475,000 ","$7,475,000 ",0.00%,,,Tax-Exempt,
Alameda USD,,,2004,2004A,010824GW4,,,8/1/2027,"$7,715,000 ","$7,715,000 ",0.00%,,,Tax-Exempt,
Alameda USD,,,2004,2004A,010824GX2,,,8/1/2029,"$8,720,000 ","$8,720,000 ",0.00%,,,Tax-Exempt,
Alameda USD,,,2004,2005B,2005B,,,2028 - 2036,"$17,432,234 ","$71,530,000 ",0.00%,,,Tax-Exempt,
Alameda USD,,,2004,2005B,010824HV5,,,8/1/2028,"$2,714,309 ","$8,450,000 ",0.00%,,,Tax-Exempt,
Alameda USD,,,2004,2005B,010824HW3,,,8/1/2030,"$2,584,789 ","$9,010,000 ",0.00%,,,Tax-Exempt,
Alameda USD,,,2004,2005B,010824HX1,,,8/1/2031,"$2,525,508 ","$9,300,000 ",0.00%,,,Tax-Exempt,
Alameda USD,,,2004,2005B,010824HY9,,,8/1/2032,"$2,474,728 ","$9,605,000 ",0.00%,,,Tax-Exempt,
Alameda USD,,,2004,2005B,010824HZ6,,,8/1/2033,"$2,423,127 ","$9,915,000 ",0.00%,,,Tax-Exempt,
Alameda USD,,,2004,2005B,010824JA9,,,8/1/2034,"$2,324,400 ","$10,000,000 ",0.00%,,,Tax-Exempt,
Alameda USD,,,2004,2005B,010824JB7,,,8/1/2035,"$2,210,600 ","$10,000,000 ",0.00%,,,Tax-Exempt,
Alameda USD,,,2004,2005B,010824JC5,,,8/1/2036,"$174,773 ","$5,250,000 ",0.00%,,,Tax-Exempt,
Alameda USD,,,2014,2015A,010824JN1,,,8/1/2026,"$1,115,000 ","$1,115,000 ",5.00%,4/30/2026,100,Tax-Exempt,
Alameda USD,,,2014,2015A,010824JP6,,,8/1/2027,"$1,120,000 ","$1,120,000 ",5.00%,4/30/2026,100,Tax-Exempt,
Alameda USD,,,2014,2015A,010824JQ4,,,8/1/2028,"$1,625,000 ","$1,625,000 ",5.00%,4/30/2026,100,Tax-Exempt,
Alameda USD,,,2014,2015A,010824JR2,,,8/1/2029,"$2,135,000 ","$2,135,000 ",5.00%,4/30/2026,100,Tax-Exempt,
Alameda USD,,,2014,2015A,010824JS0,,,8/1/2030,"$2,095,000 ","$2,095,000 ",5.00%,4/30/2026,100,Tax-Exempt,
Alameda USD,,,2014,2015A,010824JG6,,,8/1/2030,"$750,000 ","$750,000 ",3.25%,4/30/2026,100,Tax-Exempt,
Alameda USD,,,2014,2015A,010824JT8,,,8/1/2031,"$3,435,000 ","$3,435,000 ",5.00%,4/30/2026,100,Tax-Exempt,
Alameda USD,,,2014,2015A,010824JU5,,,8/1/2032,"$4,445,000 ","$4,445,000 ",5.00%,4/30/2026,100,Tax-Exempt,
Alameda USD,,,2014,2015A,010824JV3,,,8/1/2033,"$5,655,000 ","$5,655,000 ",5.00%,4/30/2026,100,Tax-Exempt,
Alameda USD,,,2014,2015A,010824JW1,,,8/1/2034,"$6,460,000 ","$6,460,000 ",5.00%,4/30/2026,100,Tax-Exempt,
Alameda USD,,,2014,2015A,010824JX9,,,8/1/2035,"$7,665,000 ","$7,665,000 ",5.00%,4/30/2026,100,Tax-Exempt,
Alameda USD,,,2014,2015A,010824JH4-20360801,,Y,8/1/2036,"$6,500,000 ","$1,500,000 ",4.00%,4/30/2026,100,Tax-Exempt,
Alameda USD,,,2014,2015A,010824JY7-20360801,,Y,8/1/2036,"$34,605,000 ","$7,170,000 ",5.00%,4/30/2026,100,Tax-Exempt,
Alameda USD,,,2014,2015A,010824JY7-20370801,,Y,8/1/2037,"$34,605,000 ","$8,160,000 ",5.00%,4/30/2026,100,Tax-Exempt,
Alameda USD,,,2014,2015A,010824JH4-20370801,,Y,8/1/2037,"$6,500,000 ","$1,500,000 ",4.00%,4/30/2026,100,Tax-Exempt,
Alameda USD,,,2014,2015A,010824JY7-20380801,,Y,8/1/2038,"$34,605,000 ","$8,640,000 ",5.00%,4/30/2026,100,Tax-Exempt,
Alameda USD,,,2014,2015A,010824JH4-20380801,,Y,8/1/2038,"$6,500,000 ","$1,500,000 ",4.00%,4/30/2026,100,Tax-Exempt,
Alameda USD,,,2014,2015A,010824JY7-20390801,,Y,8/1/2039,"$34,605,000 ","$10,635,000 ",5.00%,4/30/2026,100,Tax-Exempt,
Alameda USD,,,2014,2015A,010824JH4-20390801,,Y,8/1/2039,"$6,500,000 ","$2,000,000 ",4.00%,4/30/2026,100,Tax-Exempt,
Alameda USD,,,2014,2018B,010824KU3,,,8/1/2026,"$360,000 ","$360,000 ",5.00%,,,Tax-Exempt,
Alameda USD,,,2014,2018B,010824KV1,,,8/1/2027,"$485,000 ","$485,000 ",5.00%,,,Tax-Exempt,
Alameda USD,,,2014,2018B,010824KW9,,,8/1/2028,"$495,000 ","$495,000 ",5.00%,8/1/2027,100,Tax-Exempt,
Alameda USD,,,2014,2018B,010824KX7,,,8/1/2029,"$520,000 ","$520,000 ",5.00%,8/1/2027,100,Tax-Exempt,
Alameda USD,,,2014,2018B,010824KY5,,,8/1/2030,"$510,000 ","$510,000 ",5.00%,8/1/2027,100,Tax-Exempt,
Alameda USD,,,2014,2018B,010824KZ2,,,8/1/2031,"$535,000 ","$535,000 ",5.00%,8/1/2027,100,Tax-Exempt,
Alameda USD,,,2014,2018B,010824LA6,,,8/1/2032,"$470,000 ","$470,000 ",5.00%,8/1/2027,100,Tax-Exempt,
Alameda USD,,,2014,2018B,010824LB4,,,8/1/2033,"$380,000 ","$380,000 ",5.00%,8/1/2027,100,Tax-Exempt,
Alameda USD,,,2014,2018B,010824LC2,,,8/1/2034,"$395,000 ","$395,000 ",5.00%,8/1/2027,100,Tax-Exempt,
Alameda USD,,,2014,2018B,010824LD0,,,8/1/2035,"$330,000 ","$330,000 ",5.00%,8/1/2027,100,Tax-Exempt,
Alameda USD,,,2014,2018B,010824LE8,,,8/1/2036,"$335,000 ","$335,000 ",5.00%,8/1/2027,100,Tax-Exempt,
Alameda USD,,,2014,2018B,010824LF5,,,8/1/2037,"$350,000 ","$350,000 ",5.00%,8/1/2027,100,Tax-Exempt,
Alameda USD,,,2014,2018B,010824LG3,,,8/1/2038,"$510,000 ","$510,000 ",5.00%,8/1/2027,100,Tax-Exempt,
Alameda USD,,,2014,2018B,010824LH1-20390801,,Y,8/1/2039,"$11,930,000 ","$205,000 ",5.00%,8/1/2027,100,Tax-Exempt,
Alameda USD,,,2014,2018B,010824LH1-20400801,,Y,8/1/2040,"$11,930,000 ","$3,560,000 ",5.00%,8/1/2027,100,Tax-Exempt,
Alameda USD,,,2014,2018B,010824LH1-20410801,,Y,8/1/2041,"$11,930,000 ","$3,900,000 ",5.00%,8/1/2027,100,Tax-Exempt,
Alameda USD,,,2014,2018B,010824LH1-20420801,,Y,8/1/2042,"$11,930,000 ","$4,265,000 ",5.00%,8/1/2027,100,Tax-Exempt,
Alameda USD,,,2014,2019C,010824LP3,,,8/1/2026,"$1,610,000 ","$1,610,000 ",4.00%,,,Tax-Exempt,
Alameda USD,,,2014,2019C,010824LQ1,,,8/1/2027,"$2,050,000 ","$2,050,000 ",4.00%,,,Tax-Exempt,
Alameda USD,,,2014,2019C,010824LR9,,,8/1/2028,"$2,170,000 ","$2,170,000 ",4.00%,8/1/2027,100,Tax-Exempt,
Alameda USD,,,2014,2019C,010824LS7,,,8/1/2029,"$2,320,000 ","$2,320,000 ",4.00%,8/1/2027,100,Tax-Exempt,
Alameda USD,,,2014,2019C,010824LT5,,,8/1/2030,"$2,365,000 ","$2,365,000 ",4.00%,8/1/2027,100,Tax-Exempt,
Alameda USD,,,2014,2019C,010824LU2,,,8/1/2031,"$2,535,000 ","$2,535,000 ",4.00%,8/1/2027,100,Tax-Exempt,
Alameda USD,,,2014,2019C,010824LV0,,,8/1/2032,"$2,465,000 ","$2,465,000 ",4.00%,8/1/2027,100,Tax-Exempt,
Alameda USD,,,2014,2019C,010824LW8,,,8/1/2033,"$2,295,000 ","$2,295,000 ",4.00%,8/1/2027,100,Tax-Exempt,
Alameda USD,,,2014,2019C,010824LX6,,,8/1/2034,"$2,485,000 ","$2,485,000 ",4.00%,8/1/2027,100,Tax-Exempt,
Alameda USD,,,2014,2019C,010824LY4,,,8/1/2035,"$2,445,000 ","$2,445,000 ",3.00%,8/1/2027,100,Tax-Exempt,
Alameda USD,,,2014,2019C,010824LZ1,,,8/1/2036,"$2,585,000 ","$2,585,000 ",3.00%,8/1/2027,100,Tax-Exempt,
Alameda USD,,,2014,2019C,010824MA5,,,8/1/2037,"$2,795,000 ","$2,795,000 ",3.00%,8/1/2027,100,Tax-Exempt,
Alameda USD,,,2014,2019C,010824MB3,,,8/1/2038,"$3,450,000 ","$3,450,000 ",3.00%,8/1/2027,100,Tax-Exempt,
Alameda USD,,,2014,2019C,010824MC1,,,8/1/2039,"$2,695,000 ","$2,695,000 ",3.00%,8/1/2027,100,Tax-Exempt,
Alameda USD,,,2014,2019C,010824MD9-20400801,,Y,8/1/2040,"$18,355,000 ","$5,620,000 ",3.00%,8/1/2027,100,Tax-Exempt,
Alameda USD,,,2014,2019C,010824MD9-20410801,,Y,8/1/2041,"$18,355,000 ","$6,110,000 ",3.00%,8/1/2027,100,Tax-Exempt,
Alameda USD,,,2014,2019C,010824MD9-20420801,,Y,8/1/2042,"$18,355,000 ","$6,625,000 ",3.00%,8/1/2027,100,Tax-Exempt,
Alameda USD,,,2022,2023A,010824MG2,,,8/1/2030,"$1,230,000 ","$1,230,000 ",5.00%,,,Tax-Exempt,
Alameda USD,,,2022,2023A,010824MH0,,,8/1/2031,"$1,280,000 ","$1,280,000 ",5.00%,,,Tax-Exempt,
Alameda USD,,,2022,2023A,010824MJ6,,,8/1/2032,"$1,330,000 ","$1,330,000 ",5.00%,,,Tax-Exempt,
Alameda USD,,,2022,2023A,010824MK3,,,8/1/2033,"$1,380,000 ","$1,380,000 ",5.00%,,,Tax-Exempt,
Alameda USD,,,2022,2023A,010824ML1,,,8/1/2034,"$1,435,000 ","$1,435,000 ",5.00%,8/1/2033,100,Tax-Exempt,
Alameda USD,,,2022,2023A,010824MM9,,,8/1/2035,"$1,495,000 ","$1,495,000 ",5.00%,8/1/2033,100,Tax-Exempt,
Alameda USD,,,2022,2023A,010824MN7,,,8/1/2036,"$1,555,000 ","$1,555,000 ",5.00%,8/1/2033,100,Tax-Exempt,
Alameda USD,,,2022,2023A,010824MP2,,,8/1/2037,"$1,615,000 ","$1,615,000 ",5.00%,8/1/2033,100,Tax-Exempt,
Alameda USD,,,2022,2023A,010824MQ0,,,8/1/2038,"$1,680,000 ","$1,680,000 ",5.00%,8/1/2033,100,Tax-Exempt,
Alameda USD,,,2022,2023A,010824MR8,,,8/1/2039,"$1,750,000 ","$1,750,000 ",5.00%,8/1/2033,100,Tax-Exempt,
Alameda USD,,,2022,2023A,010824MS6,,,8/1/2040,"$1,820,000 ","$1,820,000 ",5.00%,8/1/2033,100,Tax-Exempt,
Alameda USD,,,2022,2023A,010824MT4-20410801,,Y,8/1/2041,"$8,030,000 ","$1,890,000 ",4.00%,8/1/2033,100,Tax-Exempt,
Alameda USD,,,2022,2023A,010824MT4-20420801,,Y,8/1/2042,"$8,030,000 ","$1,965,000 ",4.00%,8/1/2033,100,Tax-Exempt,
Alameda USD,,,2022,2023A,010824MT4-20430801,,Y,8/1/2043,"$8,030,000 ","$2,045,000 ",4.00%,8/1/2033,100,Tax-Exempt,
Alameda USD,,,2022,2023A,010824MT4-20440801,,Y,8/1/2044,"$8,030,000 ","$2,130,000 ",4.00%,8/1/2033,100,Tax-Exempt,
Alameda USD,,,2022,2023A,010824MU1-20450801,,Y,8/1/2045,"$9,400,000 ","$2,215,000 ",4.00%,8/1/2033,100,Tax-Exempt,
Alameda USD,,,2022,2023A,010824MU1-20460801,,Y,8/1/2046,"$9,400,000 ","$2,300,000 ",4.00%,8/1/2033,100,Tax-Exempt,
Alameda USD,,,2022,2023A,010824MU1-20470801,,Y,8/1/2047,"$9,400,000 ","$2,395,000 ",4.00%,8/1/2033,100,Tax-Exempt,
Alameda USD,,,2022,2023A,010824MU1-20480801,,Y,8/1/2048,"$9,400,000 ","$2,490,000 ",4.00%,8/1/2033,100,Tax-Exempt,
Alameda USD,,,2022,2024B,010824MW7,,,8/1/2026,"$5,285,000 ","$5,285,000 ",5.00%,,,Tax-Exempt,
Alameda USD,,,2022,2024B,010824MX5,,,8/1/2027,"$4,840,000 ","$4,840,000 ",5.00%,,,Tax-Exempt,
Alameda USD,,,2022,2024B,010824MY3,,,8/1/2028,"$1,520,000 ","$1,520,000 ",5.00%,,,Tax-Exempt,
Alameda USD,,,2022,2024B,010824MZ0,,,8/1/2029,"$1,845,000 ","$1,845,000 ",5.00%,,,Tax-Exempt,
Alameda USD,,,2022,2024B,010824NA4,,,8/1/2041,"$1,595,000 ","$1,595,000 ",5.00%,8/1/2033,100,Tax-Exempt,
Alameda USD,,,2022,2024B,010824NB2,,,8/1/2042,"$1,870,000 ","$1,870,000 ",5.00%,8/1/2033,100,Tax-Exempt,
Alameda USD,,,2022,2024B,010824NC0,,,8/1/2043,"$2,200,000 ","$2,200,000 ",5.00%,8/1/2033,100,Tax-Exempt,
Alameda USD,,,2022,2024B,010824ND8,,,8/1/2044,"$2,550,000 ","$2,550,000 ",5.00%,8/1/2033,100,Tax-Exempt,
Alameda USD,,,2022,2024B,010824NE6-20450801,,Y,8/1/2045,"$30,935,000 ","$4,395,000 ",5.00%,8/1/2033,100,Tax-Exempt,
Alameda USD,,,2022,2024B,010824NE6-20460801,,Y,8/1/2046,"$30,935,000 ","$4,940,000 ",5.00%,8/1/2033,100,Tax-Exempt,
Alameda USD,,,2022,2024B,010824NE6-20470801,,Y,8/1/2047,"$30,935,000 ","$5,525,000 ",5.00%,8/1/2033,100,Tax-Exempt,
Alameda USD,,,2022,2024B,010824NE6-20480801,,Y,8/1/2048,"$30,935,000 ","$7,065,000 ",5.00%,8/1/2033,100,Tax-Exempt,
Alameda USD,,,2022,2024B,010824NE6-20490801,,Y,8/1/2049,"$30,935,000 ","$9,010,000 ",5.00%,8/1/2033,100,Tax-Exempt,
Alameda USD,,,2022,2024B,010824NF3-20500801,,Y,8/1/2050,"$30,000,000 ","$9,000,000 ",4.00%,8/1/2033,100,Tax-Exempt,
Alameda USD,,,2022,2024B,010824NF3-20510801,,Y,8/1/2051,"$30,000,000 ","$10,000,000 ",4.00%,8/1/2033,100,Tax-Exempt,
Alameda USD,,,2022,2024B,010824NF3-20520801,,Y,8/1/2052,"$30,000,000 ","$11,000,000 ",4.00%,8/1/2033,100,Tax-Exempt,
Alameda USD,,,Refunding,2015,010824KK5,,,8/1/2026,"$390,000 ","$390,000 ",2.50%,4/30/2026,100,Tax-Exempt,
Alameda USD,,,Refunding,2015,010824KL3,,,8/1/2027,"$415,000 ","$415,000 ",5.00%,4/30/2026,100,Tax-Exempt,
Alameda City of ,Community Facilities Districts,,,2016,010780BU7,No 13 - Alameda Landing Public Improvements,,9/1/2024,"$135,000 ","$135,000 ",4.00%,,,Tax-Exempt,
Alameda City of ,Community Facilities Districts,,,2016,010780BV5,No 13 - Alameda Landing Public Improvements,,9/1/2025,"$165,000 ","$165,000 ",5.00%,9/1/2024,102,Tax-Exempt,
Alameda City of ,Community Facilities Districts,,,2016,010780BW3,No 13 - Alameda Landing Public Improvements,,9/1/2026,"$195,000 ","$195,000 ",5.00%,9/1/2024,102,Tax-Exempt,
Alameda City of ,Community Facilities Districts,,,2016,010780BX1,No 13 - Alameda Landing Public Improvements,,9/1/2027,"$230,000 ","$230,000 ",5.00%,9/1/2024,102,Tax-Exempt,
Alameda City of ,Community Facilities Districts,,,2016,010780BY9,No 13 - Alameda Landing Public Improvements,,9/1/2028,"$265,000 ","$265,000 ",4.00%,9/1/2024,102,Tax-Exempt,
Alameda City of ,Community Facilities Districts,,,2016,010780BZ6,No 13 - Alameda Landing Public Improvements,,9/1/2029,"$305,000 ","$305,000 ",4.00%,9/1/2024,102,Tax-Exempt,
Alameda City of ,Community Facilities Districts,,,2016,010780CA0,No 13 - Alameda Landing Public Improvements,,9/1/2030,"$340,000 ","$340,000 ",4.00%,9/1/2024,102,Tax-Exempt,
Alameda City of ,Community Facilities Districts,,,2016,010780CB8,No 13 - Alameda Landing Public Improvements,,9/1/2031,"$380,000 ","$380,000 ",5.00%,9/1/2024,102,Tax-Exempt,
Alameda City of ,Community Facilities Districts,,,2016,010780CC6,No 13 - Alameda Landing Public Improvements,,9/1/2032,"$430,000 ","$430,000 ",5.00%,9/1/2024,102,Tax-Exempt,
Alameda City of ,Community Facilities Districts,,,2016,010780CD4,No 13 - Alameda Landing Public Improvements,,9/1/2033,"$475,000 ","$475,000 ",5.00%,9/1/2024,102,Tax-Exempt,
Alameda City of ,Community Facilities Districts,,,2016,010780CE2,No 13 - Alameda Landing Public Improvements,,9/1/2034,"$530,000 ","$530,000 ",5.00%,9/1/2024,102,Tax-Exempt,
Alameda City of ,Community Facilities Districts,,,2016,010780CF9,No 13 - Alameda Landing Public Improvements,,9/1/2035,"$585,000 ","$585,000 ",3.50%,9/1/2024,102,Tax-Exempt,
Alameda City of ,Community Facilities Districts,,,2016,010780CG7,No 13 - Alameda Landing Public Improvements,,9/1/2036,"$635,000 ","$635,000 ",3.50%,9/1/2024,102,Tax-Exempt,
Alameda City of ,Community Facilities Districts,,,2016,010780CH5-20370901,No 13 - Alameda Landing Public Improvements,Y,9/1/2037,"$5,215,000 ","$690,000 ",5.00%,9/1/2024,102,Tax-Exempt,
Alameda City of ,Community Facilities Districts,,,2016,010780CH5-20380901,No 13 - Alameda Landing Public Improvements,Y,9/1/2038,"$5,215,000 ","$755,000 ",5.00%,9/1/2024,102,Tax-Exempt,
Alameda City of ,Community Facilities Districts,,,2016,010780CH5-20390901,No 13 - Alameda Landing Public Improvements,Y,9/1/2039,"$5,215,000 ","$825,000 ",5.00%,9/1/2024,102,Tax-Exempt,
Alameda City of ,Community Facilities Districts,,,2016,010780CH5-20400901,No 13 - Alameda Landing Public Improvements,Y,9/1/2040,"$5,215,000 ","$900,000 ",5.00%,9/1/2024,102,Tax-Exempt,
Alameda City of ,Community Facilities Districts,,,2016,010780CH5-20410901,No 13 - Alameda Landing Public Improvements,Y,9/1/2041,"$5,215,000 ","$980,000 ",5.00%,9/1/2024,102,Tax-Exempt,
Alameda City of ,Community Facilities Districts,,,2016,010780CH5-20420901,No 13 - Alameda Landing Public Improvements,Y,9/1/2042,"$5,215,000 ","$1,065,000 ",5.00%,9/1/2024,102,Tax-Exempt,
Alameda City of ,Community Facilities Districts,,,2016,010780CJ1-20430901,No 13 - Alameda Landing Public Improvements,Y,9/1/2043,"$5,215,000 ","$1,155,000 ",5.00%,9/1/2024,102,Tax-Exempt,
Alameda City of ,Community Facilities Districts,,,2016,010780CJ1-20440901,No 13 - Alameda Landing Public Improvements,Y,9/1/2044,"$5,215,000 ","$1,250,000 ",5.00%,9/1/2024,102,Tax-Exempt,
Alameda City of ,Community Facilities Districts,,,2016,010780CJ1-20450901,No 13 - Alameda Landing Public Improvements,Y,9/1/2045,"$5,215,000 ","$1,350,000 ",5.00%,9/1/2024,102,Tax-Exempt,
Alameda City of ,Community Facilities Districts,,,2016,010780CJ1-20460901,No 13 - Alameda Landing Public Improvements,Y,9/1/2046,"$5,215,000 ","$1,460,000 ",5.00%,9/1/2024,102,Tax-Exempt,
Alameda City of ,Community Facilities Districts,,,2021 Subordinate,010780CL6,No 13 - Alameda Landing Public Improvements,,9/1/2027,"$30,000 ","$30,000 ",4.00%,,,Tax-Exempt,
Alameda City of ,Community Facilities Districts,,,2021 Subordinate,010780CM4,No 13 - Alameda Landing Public Improvements,,9/1/2028,"$35,000 ","$35,000 ",4.00%,,,Tax-Exempt,
Alameda City of ,Community Facilities Districts,,,2021 Subordinate,010780CN2,No 13 - Alameda Landing Public Improvements,,9/1/2029,"$45,000 ","$45,000 ",4.00%,9/1/2028,103,Tax-Exempt,
Alameda City of ,Community Facilities Districts,,,2021 Subordinate,010780CP7-20300901,No 13 - Alameda Landing Public Improvements,Y,9/1/2030,"$1,300,000 ","$75,000 ",4.00%,9/1/2028,103,Tax-Exempt,
Alameda City of ,Community Facilities Districts,,,2021 Subordinate,010780CP7-20310901,No 13 - Alameda Landing Public Improvements,Y,9/1/2031,"$1,300,000 ","$100,000 ",4.00%,9/1/2028,103,Tax-Exempt,
Alameda City of ,Community Facilities Districts,,,2021 Subordinate,010780CP7-20320901,No 13 - Alameda Landing Public Improvements,Y,9/1/2032,"$1,300,000 ","$145,000 ",4.00%,9/1/2028,103,Tax-Exempt,
Alameda City of ,Community Facilities Districts,,,2021 Subordinate,010780CP7-20330901,No 13 - Alameda Landing Public Improvements,Y,9/1/2033,"$1,300,000 ","$185,000 ",4.00%,9/1/2028,103,Tax-Exempt,
Alameda City of ,Community Facilities Districts,,,2021 Subordinate,010780CP7-20340901,No 13 - Alameda Landing Public Improvements,Y,9/1/2034,"$1,300,000 ","$225,000 ",4.00%,9/1/2028,103,Tax-Exempt,
Alameda City of ,Community Facilities Districts,,,2021 Subordinate,010780CP7-20350901,No 13 - Alameda Landing Public Improvements,Y,9/1/2035,"$1,300,000 ","$265,000 ",4.00%,9/1/2028,103,Tax-Exempt,
Alameda City of ,Community Facilities Districts,,,2021 Subordinate,010780CP7-20360901,No 13 - Alameda Landing Public Improvements,Y,9/1/2036,"$1,300,000 ","$305,000 ",4.00%,9/1/2028,103,Tax-Exempt,
Alameda City of ,Community Facilities Districts,,,2021 Subordinate,010780CQ5-20370901,No 13 - Alameda Landing Public Improvements,Y,9/1/2037,"$2,010,000 ","$240,000 ",4.00%,9/1/2028,103,Tax-Exempt,
Alameda City of ,Community Facilities Districts,,,2021 Subordinate,010780CQ5-20380901,No 13 - Alameda Landing Public Improvements,Y,9/1/2038,"$2,010,000 ","$300,000 ",4.00%,9/1/2028,103,Tax-Exempt,
Alameda City of ,Community Facilities Districts,,,2021 Subordinate,010780CQ5-20390901,No 13 - Alameda Landing Public Improvements,Y,9/1/2039,"$2,010,000 ","$430,000 ",4.00%,9/1/2028,103,Tax-Exempt,
Alameda City of ,Community Facilities Districts,,,2021 Subordinate,010780CQ5-20400901,No 13 - Alameda Landing Public Improvements,Y,9/1/2040,"$2,010,000 ","$490,000 ",4.00%,9/1/2028,103,Tax-Exempt,
Alameda City of ,Community Facilities Districts,,,2021 Subordinate,010780CQ5-20410901,No 13 - Alameda Landing Public Improvements,Y,9/1/2041,"$2,010,000 ","$550,000 ",4.00%,9/1/2028,103,Tax-Exempt,
Alameda City of ,Community Facilities Districts,,,2021 Subordinate,010780CR3-20420901,No 13 - Alameda Landing Public Improvements,Y,9/1/2042,"$18,315,000 ","$585,000 ",4.00%,9/1/2028,103,Tax-Exempt,
Alameda City of ,Community Facilities Districts,,,2021 Subordinate,010780CR3-20430901,No 13 - Alameda Landing Public Improvements,Y,9/1/2043,"$18,315,000 ","$620,000 ",4.00%,9/1/2028,103,Tax-Exempt,
Alameda City of ,Community Facilities Districts,,,2021 Subordinate,010780CR3-20440901,No 13 - Alameda Landing Public Improvements,Y,9/1/2044,"$18,315,000 ","$760,000 ",4.00%,9/1/2028,103,Tax-Exempt,
Alameda City of ,Community Facilities Districts,,,2021 Subordinate,010780CR3-20450901,No 13 - Alameda Landing Public Improvements,Y,9/1/2045,"$18,315,000 ","$820,000 ",4.00%,9/1/2028,103,Tax-Exempt,
Alameda City of ,Community Facilities Districts,,,2021 Subordinate,010780CR3-20460901,No 13 - Alameda Landing Public Improvements,Y,9/1/2046,"$18,315,000 ","$910,000 ",4.00%,9/1/2028,103,Tax-Exempt,
Alameda City of ,Community Facilities Districts,,,2021 Subordinate,010780CR3-20470901,No 13 - Alameda Landing Public Improvements,Y,9/1/2047,"$18,315,000 ","$2,410,000 ",4.00%,9/1/2028,103,Tax-Exempt,
Alameda City of ,Community Facilities Districts,,,2021 Subordinate,010780CR3-20480901,No 13 - Alameda Landing Public Improvements,Y,9/1/2048,"$18,315,000 ","$2,720,000 ",4.00%,9/1/2028,103,Tax-Exempt,
Alameda City of ,Community Facilities Districts,,,2021 Subordinate,010780CR3-20490901,No 13 - Alameda Landing Public Improvements,Y,9/1/2049,"$18,315,000 ","$2,945,000 ",4.00%,9/1/2028,103,Tax-Exempt,
Alameda City of ,Community Facilities Districts,,,2021 Subordinate,010780CR3-20500901,No 13 - Alameda Landing Public Improvements,Y,9/1/2050,"$18,315,000 ","$3,165,000 ",4.00%,9/1/2028,103,Tax-Exempt,
Alameda City of ,Community Facilities Districts,,,2021 Subordinate,010780CR3-20510901,No 13 - Alameda Landing Public Improvements,Y,9/1/2051,"$18,315,000 ","$3,380,000 ",4.00%,9/1/2028,103,Tax-Exempt,
Alameda City of ,Community Facilities Districts,,,2023 Green,010780CS1,NO 22 - Alameda Marina,,9/1/2024,"$30,000 ","$30,000 ",5.00%,,,Tax-Exempt,
Alameda City of ,Community Facilities Districts,,,2023 Green,010780CT9,NO 22 - Alameda Marina,,9/1/2025,"$50,000 ","$50,000 ",5.00%,,,Tax-Exempt,
Alameda City of ,Community Facilities Districts,,,2023 Green,010780CU6,NO 22 - Alameda Marina,,9/1/2026,"$70,000 ","$70,000 ",5.00%,,,Tax-Exempt,
Alameda City of ,Community Facilities Districts,,,2023 Green,010780CV4,NO 22 - Alameda Marina,,9/1/2027,"$90,000 ","$90,000 ",5.00%,,,Tax-Exempt,
Alameda City of ,Community Facilities Districts,,,2023 Green,010780CW2,NO 22 - Alameda Marina,,9/1/2028,"$115,000 ","$115,000 ",5.00%,,,Tax-Exempt,
Alameda City of ,Community Facilities Districts,,,2023 Green,010780CX0,NO 22 - Alameda Marina,,9/1/2029,"$140,000 ","$140,000 ",5.00%,,,Tax-Exempt,
Alameda City of ,Community Facilities Districts,,,2023 Green,010780CY8,NO 22 - Alameda Marina,,9/1/2030,"$170,000 ","$170,000 ",5.00%,9/1/2029,103,Tax-Exempt,
Alameda City of ,Community Facilities Districts,,,2023 Green,010780CZ5,NO 22 - Alameda Marina,,9/1/2031,"$195,000 ","$195,000 ",5.00%,9/1/2029,103,Tax-Exempt,
Alameda City of ,Community Facilities Districts,,,2023 Green,010780DA9,NO 22 - Alameda Marina,,9/1/2032,"$225,000 ","$225,000 ",5.00%,9/1/2029,103,Tax-Exempt,
Alameda City of ,Community Facilities Districts,,,2023 Green,010780DB7,NO 22 - Alameda Marina,,9/1/2033,"$260,000 ","$260,000 ",5.00%,9/1/2029,103,Tax-Exempt,
Alameda City of ,Community Facilities Districts,,,2023 Green,010780DC5-20340901,NO 22 - Alameda Marina,Y,9/1/2034,"$1,860,000 ","$295,000 ",5.00%,9/1/2029,103,Tax-Exempt,
Alameda City of ,Community Facilities Districts,,,2023 Green,010780DC5-20350901,NO 22 - Alameda Marina,Y,9/1/2035,"$1,860,000 ","$330,000 ",5.00%,9/1/2029,103,Tax-Exempt,
Alameda City of ,Community Facilities Districts,,,2023 Green,010780DC5-20360901,NO 22 - Alameda Marina,Y,9/1/2036,"$1,860,000 ","$370,000 ",5.00%,9/1/2029,103,Tax-Exempt,
Alameda City of ,Community Facilities Districts,,,2023 Green,010780DC5-20370901,NO 22 - Alameda Marina,Y,9/1/2037,"$1,860,000 ","$410,000 ",5.00%,9/1/2029,103,Tax-Exempt,
Alameda City of ,Community Facilities Districts,,,2023 Green,010780DC5-20380901,NO 22 - Alameda Marina,Y,9/1/2038,"$1,860,000 ","$455,000 ",5.00%,9/1/2029,103,Tax-Exempt,
Alameda City of ,Community Facilities Districts,,,2023 Green,010780DD3-20390901,NO 22 - Alameda Marina,Y,9/1/2039,"$3,030,000 ","$500,000 ",5.00%,9/1/2029,103,Tax-Exempt,
Alameda City of ,Community Facilities Districts,,,2023 Green,010780DD3-20400901,NO 22 - Alameda Marina,Y,9/1/2040,"$3,030,000 ","$550,000 ",5.00%,9/1/2029,103,Tax-Exempt,
Alameda City of ,Community Facilities Districts,,,2023 Green,010780DD3-20410901,NO 22 - Alameda Marina,Y,9/1/2041,"$3,030,000 ","$605,000 ",5.00%,9/1/2029,103,Tax-Exempt,
Alameda City of ,Community Facilities Districts,,,2023 Green,010780DD3-20420901,NO 22 - Alameda Marina,Y,9/1/2042,"$3,030,000 ","$660,000 ",5.00%,9/1/2029,103,Tax-Exempt,
Alameda City of ,Community Facilities Districts,,,2023 Green,010780DD3-20430901,NO 22 - Alameda Marina,Y,9/1/2043,"$3,030,000 ","$715,000 ",5.00%,9/1/2029,103,Tax-Exempt,
Alameda City of ,Community Facilities Districts,,,2023 Green,010780DE1-20440901,NO 22 - Alameda Marina,Y,9/1/2044,"$4,595,000 ","$780,000 ",5.00%,9/1/2029,103,Tax-Exempt,
Alameda City of ,Community Facilities Districts,,,2023 Green,010780DE1-20450901,NO 22 - Alameda Marina,Y,9/1/2045,"$4,595,000 ","$845,000 ",5.00%,9/1/2029,103,Tax-Exempt,
Alameda City of ,Community Facilities Districts,,,2023 Green,010780DE1-20460901,NO 22 - Alameda Marina,Y,9/1/2046,"$4,595,000 ","$915,000 ",5.00%,9/1/2029,103,Tax-Exempt,
Alameda City of ,Community Facilities Districts,,,2023 Green,010780DE1-20470901,NO 22 - Alameda Marina,Y,9/1/2047,"$4,595,000 ","$990,000 ",5.00%,9/1/2029,103,Tax-Exempt,
Alameda City of ,Community Facilities Districts,,,2023 Green,010780DE1-20480901,NO 22 - Alameda Marina,Y,9/1/2048,"$4,595,000 ","$1,065,000 ",5.00%,9/1/2029,103,Tax-Exempt,
Alameda City of ,Community Facilities Districts,,,2023 Green,010780DF8-20490901,NO 22 - Alameda Marina,Y,9/1/2049,"$6,670,000 ","$1,150,000 ",5.00%,9/1/2029,103,Tax-Exempt,
Alameda City of ,Community Facilities Districts,,,2023 Green,010780DF8-20500901,NO 22 - Alameda Marina,Y,9/1/2050,"$6,670,000 ","$1,235,000 ",5.00%,9/1/2029,103,Tax-Exempt,
Alameda City of ,Community Facilities Districts,,,2023 Green,010780DF8-20510901,NO 22 - Alameda Marina,Y,9/1/2051,"$6,670,000 ","$1,330,000 ",5.00%,9/1/2029,103,Tax-Exempt,
Alameda City of ,Community Facilities Districts,,,2023 Green,010780DF8-20520901,NO 22 - Alameda Marina,Y,9/1/2052,"$6,670,000 ","$1,425,000 ",5.00%,9/1/2029,103,Tax-Exempt,
Alameda City of ,Community Facilities Districts,,,2023 Green,010780DF8-20530901,NO 22 - Alameda Marina,Y,9/1/2053,"$6,670,000 ","$1,530,000 ",5.00%,9/1/2029,103,Tax-Exempt,
Alameda City of ,COPS,,,2013 COPS,010762JY9,,,5/1/2025,"$635,000 ","$635,000 ",4.00%,7/5/2024,100,Tax-Exempt,
Alameda City of ,COPS,,,2013 COPS,010762JZ6,,,5/1/2026,"$660,000 ","$660,000 ",4.00%,7/5/2024,100,Tax-Exempt,
Alameda City of ,COPS,,,2013 COPS,010762KA9,,,5/1/2027,"$685,000 ","$685,000 ",4.00%,7/5/2024,100,Tax-Exempt,
Alameda City of ,COPS,,,2013 COPS,010762KB7,,,5/1/2028,"$715,000 ","$715,000 ",4.00%,7/5/2024,100,Tax-Exempt,
Alameda City of ,COPS,,,2013 COPS,010762KC5,,,5/1/2029,"$745,000 ","$745,000 ",4.00%,7/5/2024,100,Tax-Exempt,
Alameda City of ,COPS,,,2013 COPS,010762KD3,,,5/1/2030,"$380,000 ","$380,000 ",4.00%,7/5/2024,100,Tax-Exempt,
Alameda City of ,Electric,,,2010A,010808CU5,Alameda Municipal Power Refinancing,,7/1/2027,"$1,450,000 ","$1,450,000 ",4.38%,7/11/2024,100,Tax-Exempt,
Alameda City of ,Electric,,,2010A,010808CV3,Alameda Municipal Power Refinancing,,7/1/2028,"$2,305,000 ","$2,305,000 ",4.50%,7/11/2024,100,Tax-Exempt,
Alameda City of ,Electric,,,2010A,010808CW1,Alameda Municipal Power Refinancing,,7/1/2029,"$2,410,000 ","$2,410,000 ",5.25%,7/11/2024,100,Tax-Exempt,
Alameda City of ,Electric,,,2010A,010808CX9,Alameda Municipal Power Refinancing,,7/1/2030,"$2,535,000 ","$2,535,000 ",4.75%,7/11/2024,100,Tax-Exempt,
Alameda City of ,Electric,,,2010A,2010B,,,2024 - 2027,"$39,440,000 ","$6,555,000 ",6.52%,,,Taxable,
Alameda City of ,Electric,,,2010A,010808CT8-20240701,Alameda Municipal Power Refinancing,Y,7/1/2024,"$9,860,000 ","$1,815,000 ",6.52%,,,Taxable,
Alameda City of ,Electric,,,2010A,010808CT8-20250701,Alameda Municipal Power Refinancing,Y,7/1/2025,"$9,860,000 ","$1,935,000 ",6.52%,,,Taxable,
Alameda City of ,Electric,,,2010A,010808CT8-20260701,Alameda Municipal Power Refinancing,Y,7/1/2026,"$9,860,000 ","$2,060,000 ",6.52%,,,Taxable,
Alameda City of ,Electric,,,2010A,010808CT8-20270701,Alameda Municipal Power Refinancing,Y,7/1/2027,"$9,860,000 ","$745,000 ",6.52%,,,Taxable,
Alameda City of ,General Obligation,,,2013,010752BT9,Refunding,,8/1/2024,"$445,000 ","$445,000 ",3.00%,7/5/2024,100,Tax-Exempt,
Alameda City of ,General Obligation,,,2013,010752BU6,Refunding,,8/1/2025,"$455,000 ","$455,000 ",3.25%,7/5/2024,100,Tax-Exempt,
Alameda City of ,General Obligation,,,2013,010752BV4,Refunding,,8/1/2026,"$470,000 ","$470,000 ",3.25%,7/5/2024,100,Tax-Exempt,
Alameda City of ,General Obligation,,,2013,010752BW2,Refunding,,8/1/2027,"$485,000 ","$485,000 ",3.38%,7/5/2024,100,Tax-Exempt,
Alameda City of ,General Obligation,,,2013,010752BX0-20280801,Refunding,Y,8/1/2028,"$1,565,000 ","$500,000 ",3.75%,7/5/2024,100,Tax-Exempt,
Alameda City of ,General Obligation,,,2013,010752BX0-20290801,Refunding,Y,8/1/2029,"$1,565,000 ","$525,000 ",3.75%,7/5/2024,100,Tax-Exempt,
Alameda City of ,General Obligation,,,2013,010752BX0-20300801,Refunding,Y,8/1/2030,"$1,565,000 ","$540,000 ",3.75%,7/5/2024,100,Tax-Exempt,
Alameda City of ,General Obligation,,,2013,010752BY8-20310801,Refunding,Y,8/1/2031,"$1,765,000 ","$565,000 ",4.00%,7/5/2024,100,Tax-Exempt,
Alameda City of ,General Obligation,,,2013,010752BY8-20320801,Refunding,Y,8/1/2032,"$1,765,000 ","$585,000 ",4.00%,7/5/2024,100,Tax-Exempt,
Alameda City of ,General Obligation,,,2013,010752BY8-20330801,Refunding,Y,8/1/2033,"$1,765,000 ","$615,000 ",4.00%,7/5/2024,100,Tax-Exempt,
Alameda City of ,Lease,,,2023,01078EAB0,Aquatic Center,,5/1/2025,"$225,000 ","$225,000 ",5.00%,,,Tax-Exempt,
Alameda City of ,Lease,,,2023,01078EAC8,Aquatic Center,,5/1/2026,"$240,000 ","$240,000 ",5.00%,,,Tax-Exempt,
Alameda City of ,Lease,,,2023,01078EAD6,Aquatic Center,,5/1/2027,"$250,000 ","$250,000 ",5.00%,,,Tax-Exempt,
Alameda City of ,Lease,,,2023,01078EAE4,Aquatic Center,,5/1/2028,"$265,000 ","$265,000 ",5.00%,,,Tax-Exempt,
Alameda City of ,Lease,,,2023,01078EAF1,Aquatic Center,,5/1/2029,"$275,000 ","$275,000 ",5.00%,,,Tax-Exempt,
Alameda City of ,Lease,,,2023,01078EAG9,Aquatic Center,,5/1/2030,"$290,000 ","$290,000 ",5.00%,,,Tax-Exempt,
Alameda City of ,Lease,,,2023,01078EAH7,Aquatic Center,,5/1/2031,"$305,000 ","$305,000 ",5.00%,,,Tax-Exempt,
Alameda City of ,Lease,,,2023,01078EAJ3,Aquatic Center,,5/1/2032,"$320,000 ","$320,000 ",5.00%,,,Tax-Exempt,
Alameda City of ,Lease,,,2023,01078EAK0,Aquatic Center,,5/1/2033,"$335,000 ","$335,000 ",5.00%,5/1/2032,100,Tax-Exempt,
Alameda City of ,Lease,,,2023,01078EAL8,Aquatic Center,,5/1/2034,"$355,000 ","$355,000 ",5.00%,5/1/2032,100,Tax-Exempt,
Alameda City of ,Lease,,,2023,01078EAM6,Aquatic Center,,5/1/2035,"$370,000 ","$370,000 ",5.00%,5/1/2032,100,Tax-Exempt,
Alameda City of ,Lease,,,2023,01078EAN4,Aquatic Center,,5/1/2036,"$390,000 ","$390,000 ",5.00%,5/1/2032,100,Tax-Exempt,
Alameda City of ,Lease,,,2023,01078EAP9,Aquatic Center,,5/1/2037,"$410,000 ","$410,000 ",5.00%,5/1/2032,100,Tax-Exempt,
Alameda City of ,Lease,,,2023,01078EAQ7,Aquatic Center,,5/1/2038,"$430,000 ","$430,000 ",5.00%,5/1/2032,100,Tax-Exempt,
Alameda City of ,Lease,,,2023,01078EAR5,Aquatic Center,,5/1/2039,"$450,000 ","$450,000 ",5.00%,5/1/2032,100,Tax-Exempt,
Alameda City of ,Lease,,,2023,01078EAS3,Aquatic Center,,5/1/2040,"$475,000 ","$475,000 ",5.25%,5/1/2032,100,Tax-Exempt,
Alameda City of ,Lease,,,2023,01078EAT1,Aquatic Center,,5/1/2041,"$500,000 ","$500,000 ",5.25%,5/1/2032,100,Tax-Exempt,
Alameda City of ,Lease,,,2023,01078EAU8,Aquatic Center,,5/1/2042,"$525,000 ","$525,000 ",5.25%,5/1/2032,100,Tax-Exempt,
Alameda City of ,Lease,,,2023,01078EAV6,Aquatic Center,,5/1/2043,"$550,000 ","$550,000 ",5.25%,5/1/2032,100,Tax-Exempt,
Alameda City of ,Lease,,,2023,01078EAW4-20440501,Aquatic Center,Y,5/1/2044,"$3,140,000 ","$580,000 ",4.00%,5/1/2032,100,Tax-Exempt,
Alameda City of ,Lease,,,2023,01078EAW4-20450501,Aquatic Center,Y,5/1/2045,"$3,140,000 ","$605,000 ",4.00%,5/1/2032,100,Tax-Exempt,
Alameda City of ,Lease,,,2023,01078EAW4-20460501,Aquatic Center,Y,5/1/2046,"$3,140,000 ","$625,000 ",4.00%,5/1/2032,100,Tax-Exempt,
Alameda City of ,Lease,,,2023,01078EAW4-20470501,Aquatic Center,Y,5/1/2047,"$3,140,000 ","$650,000 ",4.00%,5/1/2032,100,Tax-Exempt,
Alameda City of ,Lease,,,2023,01078EAW4-20480501,Aquatic Center,Y,5/1/2048,"$3,140,000 ","$680,000 ",4.00%,5/1/2032,100,Tax-Exempt,
Alameda City of ,Lease,,,2023,01078EAX2-20490501,Aquatic Center,Y,5/1/2049,"$3,830,000 ","$705,000 ",4.13%,5/1/2032,100,Tax-Exempt,
Alameda City of ,Lease,,,2023,01078EAX2-20500501,Aquatic Center,Y,5/1/2050,"$3,830,000 ","$735,000 ",4.13%,5/1/2032,100,Tax-Exempt,
Alameda City of ,Lease,,,2023,01078EAX2-20510501,Aquatic Center,Y,5/1/2051,"$3,830,000 ","$765,000 ",4.13%,5/1/2032,100,Tax-Exempt,
Alameda City of ,Lease,,,2023,01078EAX2-20520501,Aquatic Center,Y,5/1/2052,"$3,830,000 ","$795,000 ",4.13%,5/1/2032,100,Tax-Exempt,
Alameda City of ,Lease,,,2023,01078EAX2-20530501,Aquatic Center,Y,5/1/2053,"$3,830,000 ","$830,000 ",4.13%,5/1/2032,100,Tax-Exempt,
Alameda City of ,Sewer,,,2012A,010782AM2,,,8/1/2024,"$440,000 ","$440,000 ",2.25%,7/5/2024,100,Tax-Exempt,
Alameda City of ,Sewer,,,2012A,010782AN0-20250801,,Y,8/1/2025,"$1,395,000 ","$450,000 ",3.00%,7/5/2024,100,Tax-Exempt,
Alameda City of ,Sewer,,,2012A,010782AN0-20260801,,Y,8/1/2026,"$1,395,000 ","$465,000 ",3.00%,7/5/2024,100,Tax-Exempt,
Alameda City of ,Sewer,,,2012A,010782AN0-20270801,,Y,8/1/2027,"$1,395,000 ","$480,000 ",3.00%,7/5/2024,100,Tax-Exempt,
Alameda City of ,Sewer,,,2012A,010782AP5-20280801,,Y,8/1/2028,"$995,000 ","$490,000 ",2.75%,7/5/2024,100,Tax-Exempt,
Alameda City of ,Sewer,,,2012A,010782AP5-20290801,,Y,8/1/2029,"$995,000 ","$505,000 ",2.75%,7/5/2024,100,Tax-Exempt,
Alameda City of ,Sewer,,,2012A,010782AQ3-20300801,,Y,8/1/2030,"$2,175,000 ","$520,000 ",3.00%,7/5/2024,100,Tax-Exempt,
Alameda City of ,Sewer,,,2012A,010782AQ3-20310801,,Y,8/1/2031,"$2,175,000 ","$535,000 ",3.00%,7/5/2024,100,Tax-Exempt,
Alameda City of ,Sewer,,,2012A,010782AQ3-20320801,,Y,8/1/2032,"$2,175,000 ","$550,000 ",3.00%,7/5/2024,100,Tax-Exempt,
Alameda City of ,Sewer,,,2012A,010782AQ3-20330801,,Y,8/1/2033,"$2,175,000 ","$570,000 ",3.00%,7/5/2024,100,Tax-Exempt,
Alameda City of ,Sewer,,,2012A,010782AR1-20340801,,Y,8/1/2034,"$1,810,000 ","$585,000 ",3.00%,7/5/2024,100,Tax-Exempt,
Alameda City of ,Sewer,,,2012A,010782AR1-20350801,,Y,8/1/2035,"$1,810,000 ","$605,000 ",3.00%,7/5/2024,100,Tax-Exempt,
Alameda City of ,Sewer,,,2012A,010782AR1-20360801,,Y,8/1/2036,"$1,810,000 ","$620,000 ",3.00%,7/5/2024,100,Tax-Exempt,
Alameda City of ,Sewer,,,2012A,010782AS9-20370801,,Y,8/1/2037,"$1,985,000 ","$640,000 ",3.13%,7/5/2024,100,Tax-Exempt,
Alameda City of ,Sewer,,,2012A,010782AS9-20380801,,Y,8/1/2038,"$1,985,000 ","$660,000 ",3.13%,7/5/2024,100,Tax-Exempt,
Alameda City of ,Sewer,,,2012A,010782AS9-20390801,,Y,8/1/2039,"$1,985,000 ","$685,000 ",3.13%,7/5/2024,100,Tax-Exempt,
Alameda City of ,Sewer,,,2012A,010782AT7-20400801,,Y,8/1/2040,"$2,190,000 ","$705,000 ",3.25%,7/5/2024,100,Tax-Exempt,
Alameda City of ,Sewer,,,2012A,010782AT7-20410801,,Y,8/1/2041,"$2,190,000 ","$730,000 ",3.25%,7/5/2024,100,Tax-Exempt,
Alameda City of ,Sewer,,,2012A,010782AT7-20420801,,Y,8/1/2042,"$2,190,000 ","$755,000 ",3.25%,7/5/2024,100,Tax-Exempt,
Alameda County of ,General Obligation,,,2018A,010878AS5,Measure A1 - Dedicated Unlimited Ad Valorem Property Tax,,8/1/2026,$0 ,"$9,190,000 ",4.00%,,,Taxable,
Alameda County of ,General Obligation,,,2018A,010878AT3,Measure A1 - Dedicated Unlimited Ad Valorem Property Tax,,8/1/2027,$0 ,"$9,560,000 ",4.00%,,,Taxable,
Alameda County of ,General Obligation,,,2018A,010878AU0,Measure A1 - Dedicated Unlimited Ad Valorem Property Tax,,8/1/2028,$0 ,"$9,940,000 ",3.38%,2/1/2028,100,Taxable,
Alameda County of ,General Obligation,,,2018A,010878AV8,Measure A1 - Dedicated Unlimited Ad Valorem Property Tax,,8/1/2029,$0 ,"$10,275,000 ",3.53%,2/1/2028,100,Taxable,
Alameda County of ,General Obligation,,,2018A,010878AW6,Measure A1 - Dedicated Unlimited Ad Valorem Property Tax,,8/1/2030,$0 ,"$10,640,000 ",3.63%,2/1/2028,100,Taxable,
Alameda County of ,General Obligation,,,2018A,010878AX4,Measure A1 - Dedicated Unlimited Ad Valorem Property Tax,,8/1/2031,$0 ,"$11,025,000 ",3.70%,2/1/2028,100,Taxable,
Alameda County of ,General Obligation,,,2018A,010878AY2,Measure A1 - Dedicated Unlimited Ad Valorem Property Tax,,8/1/2032,$0 ,"$11,435,000 ",3.75%,2/1/2028,100,Taxable,
Alameda County of ,General Obligation,,,2018A,010878AZ9,Measure A1 - Dedicated Unlimited Ad Valorem Property Tax,,8/1/2033,$0 ,"$11,865,000 ",3.80%,2/1/2028,100,Taxable,
Alameda County of ,General Obligation,,,2018A,010878BA3-20340801,Measure A1 - Dedicated Unlimited Ad Valorem Property Tax,Y,8/1/2034,$0 ,"$12,315,000 ",3.82%,2/1/2028,100,Taxable,
Alameda County of ,General Obligation,,,2018A,010878BA3-20350801,Measure A1 - Dedicated Unlimited Ad Valorem Property Tax,Y,8/1/2035,$0 ,"$12,785,000 ",3.82%,2/1/2028,100,Taxable,
Alameda County of ,General Obligation,,,2018A,010878BA3-20360801,Measure A1 - Dedicated Unlimited Ad Valorem Property Tax,Y,8/1/2036,$0 ,"$13,275,000 ",3.82%,2/1/2028,100,Taxable,
Alameda County of ,General Obligation,,,2018A,010878BA3-20370801,Measure A1 - Dedicated Unlimited Ad Valorem Property Tax,Y,8/1/2037,$0 ,"$13,780,000 ",3.82%,2/1/2028,100,Taxable,
Alameda County of ,General Obligation,,,2018A,010878BA3-20380801,Measure A1 - Dedicated Unlimited Ad Valorem Property Tax,Y,8/1/2038,$0 ,"$14,305,000 ",3.82%,2/1/2028,100,Taxable,
Alameda County of ,General Obligation,,,2022B,010878BE5,Measure A1 Social,,8/1/2026,$0 ,"$10,550,000 ",3.41%,,,Taxable,
Alameda County of ,General Obligation,,,2022B,010878BF2,Measure A1 Social,,8/1/2027,$0 ,"$10,910,000 ",3.46%,,,Taxable,
Alameda County of ,General Obligation,,,2022B,010878BG0,Measure A1 Social,,8/1/2028,$0 ,"$11,290,000 ",3.52%,,,Taxable,
Alameda County of ,General Obligation,,,2022B,010878BH8,Measure A1 Social,,8/1/2029,$0 ,"$11,685,000 ",3.60%,,,Taxable,
Alameda County of ,General Obligation,,,2022B,010878BJ4,Measure A1 Social,,8/1/2030,$0 ,"$12,105,000 ",3.65%,,,Taxable,
Alameda County of ,General Obligation,,,2022B,010878BK1,Measure A1 Social,,8/1/2031,$0 ,"$12,550,000 ",3.70%,,,Taxable,
Alameda County of ,General Obligation,,,2022B,010878BL9,Measure A1 Social,,8/1/2032,$0 ,"$13,010,000 ",3.75%,,,Taxable,
Alameda County of ,General Obligation,,,2022B,010878BM7,Measure A1 Social,,8/1/2033,$0 ,"$13,500,000 ",3.95%,8/1/2032,100,Taxable,
Alameda County of ,General Obligation,,,2022B,010878BN5,Measure A1 Social,,8/1/2034,$0 ,"$14,030,000 ",4.05%,8/1/2032,100,Taxable,
Alameda County of ,General Obligation,,,2022B,010878BP0,Measure A1 Social,,8/1/2035,$0 ,"$14,600,000 ",4.17%,8/1/2032,100,Taxable,
Alameda County of ,General Obligation,,,2022B,010878BQ8,Measure A1 Social,,8/1/2036,$0 ,"$15,205,000 ",4.30%,8/1/2032,100,Taxable,
Alameda County of ,General Obligation,,,2022B,010878BR6,Measure A1 Social,,8/1/2037,$0 ,"$15,865,000 ",4.40%,8/1/2032,100,Taxable,
Alameda County of ,General Obligation,,,2022B,010878BS4,Measure A1 Social,,8/1/2038,$0 ,"$16,560,000 ",4.45%,8/1/2032,100,Taxable,
Alameda County of ,General Obligation,,,2022B,010878BT2-20390801,Measure A1 Social,Y,8/1/2039,$0 ,"$32,150,000 ",4.55%,8/1/2032,100,Taxable,
Alameda County of ,General Obligation,,,2022B,010878BT2-20400801,Measure A1 Social,Y,8/1/2040,$0 ,"$33,610,000 ",4.55%,8/1/2032,100,Taxable,
Alameda County of ,General Obligation,,,2022B,010878BT2-20410801,Measure A1 Social,Y,8/1/2041,$0 ,"$35,140,000 ",4.55%,8/1/2032,100,Taxable,
Alameda County of ,General Obligation,,,2022B,010878BT2-20420801,Measure A1 Social,Y,8/1/2042,$0 ,"$36,735,000 ",4.55%,8/1/2032,100,Taxable,
Alameda County of ,General Obligation,,,2025,010892AA5,Fire Department,,6/1/2026,$0 ,"$3,690,000 ",5.00%,,,Tax-Exempt,
Alameda County of ,General Obligation,,,2025,010892AB3,Fire Department,,6/1/2037,$0 ,"$1,010,000 ",5.00%,6/1/2035,100,Tax-Exempt,
Alameda County of ,General Obligation,,,2025,010892AC1,Fire Department,,6/1/2038,$0 ,"$1,020,000 ",5.00%,6/1/2035,100,Tax-Exempt,
Alameda County of ,General Obligation,,,2025,010892AD9,Fire Department,,6/1/2039,$0 ,"$1,220,000 ",5.00%,6/1/2035,100,Tax-Exempt,
Alameda County of ,General Obligation,,,2025,010892AE7,Fire Department,,6/1/2040,$0 ,"$1,440,000 ",5.00%,6/1/2035,100,Tax-Exempt,
Alameda County of ,General Obligation,,,2025,010892AF4,Fire Department,,6/1/2041,$0 ,"$1,670,000 ",5.00%,6/1/2035,100,Tax-Exempt,
Alameda County of ,General Obligation,,,2025,010892AG2,Fire Department,,6/1/2042,$0 ,"$1,925,000 ",5.00%,6/1/2035,100,Tax-Exempt,
Alameda County of ,General Obligation,,,2025,010892AH0,Fire Department,,6/1/2043,$0 ,"$2,190,000 ",5.00%,6/1/2035,100,Tax-Exempt,
Alameda County of ,General Obligation,,,2025,010892AJ6,Fire Department,,6/1/2044,$0 ,"$2,480,000 ",5.00%,6/1/2035,100,Tax-Exempt,
Alameda County of ,General Obligation,,,2025,010892AK3,Fire Department,,6/1/2045,$0 ,"$2,790,000 ",5.00%,6/1/2035,100,Tax-Exempt,
Alameda County of ,General Obligation,,,2025,010892AL1-20460601,Fire Department,Y,6/1/2046,$0 ,"$3,120,000 ",5.00%,6/1/2035,100,Tax-Exempt,
Alameda County of ,General Obligation,,,2025,010892AL1-20470601,Fire Department,Y,6/1/2047,$0 ,"$3,475,000 ",5.00%,6/1/2035,100,Tax-Exempt,
Alameda County of ,General Obligation,,,2025,010892AL1-20480601,Fire Department,Y,6/1/2048,$0 ,"$3,855,000 ",5.00%,6/1/2035,100,Tax-Exempt,
Alameda County of ,General Obligation,,,2025,010892AL1-20490601,Fire Department,Y,6/1/2049,$0 ,"$4,260,000 ",5.00%,6/1/2035,100,Tax-Exempt,
Alameda County of ,General Obligation,,,2025,010892AL1-20500601,Fire Department,Y,6/1/2050,$0 ,"$4,690,000 ",5.00%,6/1/2035,100,Tax-Exempt,
Alameda County of ,General Obligation,,,2025,010892AM9-20510601,Fire Department,Y,6/1/2051,$0 ,"$5,150,000 ",5.25%,6/1/2035,100,Tax-Exempt,
Alameda County of ,General Obligation,,,2025,010892AM9-20520601,Fire Department,Y,6/1/2052,$0 ,"$5,655,000 ",5.25%,6/1/2035,100,Tax-Exempt,
Alameda County of ,General Obligation,,,2025,010892AM9-20530601,Fire Department,Y,6/1/2053,$0 ,"$6,195,000 ",5.25%,6/1/2035,100,Tax-Exempt,
Alameda County of ,General Obligation,,,2025,010892AM9-20540601,Fire Department,Y,6/1/2054,$0 ,"$6,775,000 ",5.25%,6/1/2035,100,Tax-Exempt,
Alameda County of ,General Obligation,,,2025,010892AM9-20550601,Fire Department,Y,6/1/2055,$0 ,"$7,390,000 ",5.25%,6/1/2035,100,Tax-Exempt,
Alameda County of ,Lease,,,2010A,010831BE4-20351201,Multiple Capital,Y,12/1/2035,$0 ,"$22,575,000 ",7.05%,,,Taxable,
Alameda County of ,Lease,,,2010A,010831BE4-20361201,Multiple Capital,Y,12/1/2036,$0 ,"$27,435,000 ",7.05%,,,Taxable,
Alameda County of ,Lease,,,2010A,010831BE4-20371201,Multiple Capital,Y,12/1/2037,$0 ,"$28,720,000 ",7.05%,,,Taxable,
Alameda County of ,Lease,,,2010A,010831BE4-20381201,Multiple Capital,Y,12/1/2038,$0 ,"$30,070,000 ",7.05%,,,Taxable,
Alameda County of ,Lease,,,2010A,010831BE4-20391201,Multiple Capital,Y,12/1/2039,$0 ,"$31,475,000 ",7.05%,,,Taxable,
Alameda County of ,Lease,,,2010A,010831BE4-20401201,Multiple Capital,Y,12/1/2040,$0 ,"$32,955,000 ",7.05%,,,Taxable,
Alameda County of ,Lease,,,2010A,010831BE4-20411201,Multiple Capital,Y,12/1/2041,$0 ,"$34,495,000 ",7.05%,,,Taxable,
Alameda County of ,Lease,,,2010A,010831BE4-20421201,Multiple Capital,Y,12/1/2042,$0 ,"$35,985,000 ",7.05%,,,Taxable,
Alameda County of ,Lease,,,2010A,010831BE4-20431201,Multiple Capital,Y,12/1/2043,$0 ,"$37,405,000 ",7.05%,,,Taxable,
Alameda County of ,Lease,,,2010A,010831BE4-20441201,Multiple Capital,Y,12/1/2044,$0 ,"$38,885,000 ",7.05%,,,Taxable,
Alameda County of ,Lease,,,2016,010831DC6,Juvenile Justice Refunding,,12/1/2026,$0 ,"$5,550,000 ",5.00%,,,Tax-Exempt,
Alameda County of ,Lease,,,2016,010831DD4,Juvenile Justice Refunding,,12/1/2027,$0 ,"$5,835,000 ",5.00%,12/1/2026,100,Tax-Exempt,
Alameda County of ,Lease,,,2016,010831DE2,Juvenile Justice Refunding,,12/1/2028,$0 ,"$6,135,000 ",5.00%,12/1/2026,100,Tax-Exempt,
Alameda County of ,Lease,,,2016,010831DF9,Juvenile Justice Refunding,,12/1/2029,$0 ,"$6,445,000 ",5.00%,12/1/2026,100,Tax-Exempt,
Alameda County of ,Lease,,,2016,010831DG7,Juvenile Justice Refunding,,12/1/2030,$0 ,"$6,775,000 ",5.00%,12/1/2026,100,Tax-Exempt,
Alameda County of ,Lease,,,2016,010831DH5,Juvenile Justice Refunding,,12/1/2031,$0 ,"$7,130,000 ",5.00%,12/1/2026,100,Tax-Exempt,
Alameda County of ,Lease,,,2016,010831DJ1-20321201,Juvenile Justice Refunding,Y,12/1/2032,$0 ,"$7,415,000 ",4.00%,12/1/2026,100,Tax-Exempt,
Alameda County of ,Lease,,,2016,010831DJ1-20331201,Juvenile Justice Refunding,Y,12/1/2033,$0 ,"$7,180,000 ",4.00%,12/1/2026,100,Tax-Exempt,
Alameda County of ,Lease,,,2016,010831DJ1-20341201,Juvenile Justice Refunding,Y,12/1/2034,$0 ,"$6,745,000 ",4.00%,12/1/2026,100,Tax-Exempt,
Alameda County of ,Lease,,,2018,010831DT9,,,6/1/2026,$0 ,"$7,245,000 ",3.40%,,,Taxable,
Alameda County of ,Lease,,,2018,010831DU6,,,6/1/2027,$0 ,"$7,485,000 ",3.50%,,,Taxable,
Alameda County of ,Lease,,,2018,010831DV4,,,6/1/2028,$0 ,"$7,750,000 ",3.60%,,,Taxable,
Alameda County of ,Lease,,,2023A,010831DY8,Highland Hospital,,12/1/2026,$0 ,"$15,465,000 ",5.00%,,,Tax-Exempt,
Alameda County of ,Lease,,,2023A,010831DZ5,Highland Hospital,,12/1/2027,$0 ,"$16,260,000 ",5.00%,,,Tax-Exempt,
Alameda County of ,Lease,,,2023A,010831EA9,Highland Hospital,,12/1/2028,$0 ,"$17,090,000 ",5.00%,,,Tax-Exempt,
Alameda County of ,Lease,,,2023A,010831EB7,Highland Hospital,,12/1/2029,$0 ,"$17,970,000 ",5.00%,,,Tax-Exempt,
Alameda County of ,Lease,,,2023A,010831EC5,Highland Hospital,,12/1/2030,$0 ,"$18,895,000 ",5.00%,,,Tax-Exempt,
Alameda County of ,Lease,,,2023A,010831ED3,Highland Hospital,,12/1/2031,$0 ,"$19,860,000 ",5.00%,,,Tax-Exempt,
Alameda County of ,Lease,,,2023A,010831EE1,Highland Hospital,,12/1/2032,$0 ,"$20,875,000 ",5.00%,,,Tax-Exempt,
Alameda County of ,Lease,,,2023A,010831EF8,Highland Hospital,,12/1/2033,$0 ,"$21,950,000 ",5.00%,,,Tax-Exempt,
Alameda County of ,Lease,,,2023A,010831EG6,Highland Hospital,,12/1/2034,$0 ,"$23,075,000 ",5.00%,12/1/2033,100,Tax-Exempt,
Alameda County of ,Tax Allocation,,,2006A,011113AR8,,,8/1/2026,$0 ,"$1,285,000 ",4.25%,6/12/2026,100,Tax-Exempt,
Alameda County of ,Tax Allocation,,,2006A,011113AS6-20270801,,Y,8/1/2027,$0 ,"$1,340,000 ",4.38%,6/12/2026,100,Tax-Exempt,
Alameda County of ,Tax Allocation,,,2006A,011113AS6-20280801,,Y,8/1/2028,$0 ,"$1,395,000 ",4.38%,6/12/2026,100,Tax-Exempt,
Alameda County of ,Tax Allocation,,,2006A,011113AS6-20290801,,Y,8/1/2029,$0 ,"$1,455,000 ",4.38%,6/12/2026,100,Tax-Exempt,
Alameda County of ,Tax Allocation,,,2006A,011113AS6-20300801,,Y,8/1/2030,$0 ,"$1,520,000 ",4.38%,6/12/2026,100,Tax-Exempt,
Alameda County of ,Tax Allocation,,,2006A,011113AT4-20310801,,Y,8/1/2031,$0 ,"$1,585,000 ",5.00%,6/12/2026,100,Tax-Exempt,
Alameda County of ,Tax Allocation,,,2006A,011113AT4-20320801,,Y,8/1/2032,$0 ,"$1,665,000 ",5.00%,6/12/2026,100,Tax-Exempt,
Alameda County of ,Tax Allocation,,,2006A,011113AT4-20330801,,Y,8/1/2033,$0 ,"$1,750,000 ",5.00%,6/12/2026,100,Tax-Exempt,
Alameda County of ,Tax Allocation,,,2006A,011113AT4-20340801,,Y,8/1/2034,$0 ,"$1,835,000 ",5.00%,6/12/2026,100,Tax-Exempt,
Alameda County of ,Tax Allocation,,,2006A,011113AT4-20350801,,Y,8/1/2035,$0 ,"$1,930,000 ",5.00%,6/12/2026,100,Tax-Exempt,
Alameda County of ,Tax Allocation,,,2006A,011113AT4-20360801,,Y,8/1/2036,$0 ,"$2,025,000 ",5.00%,6/12/2026,100,Tax-Exempt,
Alameda County of ,Tobacco,,,2002,13016NBY9,,,6/1/2042,$0 ,"$65,195,000 ",6.00%,6/12/2026,100,Tax-Exempt,
Alameda County of ,Tobacco,,,2006A,13016NCH5,,,6/1/2050,$0 ,"$578,840,000 ",0.00%,5/28/2026,23.09,Tax-Exempt,
Alameda County of ,Tobacco,,,2006B,13016NCJ1,,,6/1/2050,$0 ,"$237,220,000 ",0.00%,5/28/2026,20.55,Tax-Exempt,
Alameda County of ,Tobacco,,,2006C,13016NCK8,,,6/1/2055,$0 ,"$633,310,000 ",0.00%,5/28/2026,11.65,Tax-Exempt,
